title,price,link,image
Shop on eBay,20.0,https://ebay.com/itm/123456,https://ir.ebaystatic.com/rs/v/fxxj3ttftm5ltcqnto1o4baovyl.png
"New macbook pro 13,3"" l2020 m1 256gb 8gb myd82c/a 8 core cpu gpu French KB SPG",948.57,https://www.ebay.com/itm/225072020600,https://i.ebayimg.com/images/g/wxIAAOSwF~ZizgF4/s-l500.webp
"Apple MacBook Pro 13.3"" w/ Touch Bar (Fall 2020) - (M1 Chip / 256GB) NEW SEALED",983.0,https://www.ebay.com/itm/254653673719,https://i.ebayimg.com/images/g/ZJ0AAOSwuNdgW0c0/s-l500.webp
"Apple MacBook Pro 14"" M1 PRO (MKGR3D/A) 512GB SSD A2442",1648.25,https://www.ebay.com/itm/206593573916,https://i.ebayimg.com/images/g/ZdMAAeSwSAdouuR4/s-l500.webp
"Switch Controller for Nintendo Switch/OLED,Switch Pro Controller for Handheld Size",124.73,https://www.ebay.com/itm/316721753802,https://i.ebayimg.com/images/g/UEkAAeSwOopoDUsJ/s-l500.webp
Nintendo Switch OLED (Model HEG-001) Type-C Charging Port Replacement Service,63.24,https://www.ebay.com/itm/176829203327,https://i.ebayimg.com/images/g/tjQAAOSw0-JnpoSv/s-l500.webp
YINGZONG GeForce RTX 4080 SUPER ICHILL X3 16GB GDDR6X 3XDP-DHMI BY INN03D NEW,1380.0,https://www.ebay.com/itm/198524792640,https://i.ebayimg.com/images/g/12kAAeSw86VqZaA2/s-l500.webp
NVIDIA GEFORCE RTX 4080 16GB (OEM) GPU 2 slot graphics card GPU,1685.9,https://www.ebay.com/itm/186629600973,https://i.ebayimg.com/images/g/EuwAAOSwsTNmuzGi/s-l500.webp
Air Jordan 1 Retro High OG Men's 10.5 White/Sky J Mauve DZ5485-105,59.9,https://www.ebay.com/itm/167790826148,https://i.ebayimg.com/images/g/dGwAAeSwaA5oxe6t/s-l500.webp
NEW Nike Retro 1985 Air Jordan 1 Retro OG High Yellow Ochre Men's,85.0,https://www.ebay.com/itm/176818540738,https://i.ebayimg.com/images/g/wqMAAOSw6ednnwAq/s-l500.webp
Air Jordan 1 High 85 - White/Team Red - White (Size 6),82.5,https://www.ebay.com/itm/167521543909,https://i.ebayimg.com/images/g/vrYAAeSwh8NoKZqw/s-l500.webp
Nike Air Jordan 1 Retro High OG Satin Shadow Grey FD4810-010 12 Women = 10.5 Men,67.99,https://www.ebay.com/itm/277518504277,https://i.ebayimg.com/images/g/2McAAOSwTyRnGW57/s-l500.webp
Jordan 1 Retro High OG Satin Bred (WMNS),75.0,https://www.ebay.com/itm/355975563679,https://i.ebayimg.com/images/g/WoAAAOSwTgdmxpOj/s-l500.webp
Waterproof Women Designer Handbag,26.99,https://www.ebay.com/itm/396592771488,https://secureir.ebaystatic.com/pictures/aw/pics/stockimage1.jpg
2pcs Tote Bag Handbag Set - Hollow Out Design Shoulder Bag with Matching Purse,32.99,https://www.ebay.com/itm/137566238191,https://i.ebayimg.com/images/g/sb4AAeSwW4JpOjsV/s-l500.webp
Women's Designer Purse Shoulder Bag Soft Leather Crossbody Handbag for Ladies,42.99,https://www.ebay.com/itm/173792849070,https://i.ebayimg.com/images/g/~dsAAeSwi5hpxEzg/s-l500.webp
"Isaac & Moore Luxury Handbag – Genuine Leather, Designer, Exclusive, Rare",58.0,https://www.ebay.com/itm/357975236645,https://i.ebayimg.com/images/g/9KAAAeSwULxpLxf8/s-l500.webp
Designer Hand Bag - Disney - Winnie the Pooh Crossbody/Shoulder Purse,79.95,https://www.ebay.com/itm/405742594368,https://i.ebayimg.com/images/g/mX8AAOSw~xpn9dnf/s-l500.webp
Designer Luxury Women'S Bags Crossbody Shoulder Purses Handbag Koean Japan,66.99,https://www.ebay.com/itm/326838684128,https://i.ebayimg.com/images/g/9-cAAeSwWZlpAOMR/s-l500.webp
Women's Rhinestone Skull & Crossbones Studded Design Tote Bag Shoulder Handbag,69.99,https://www.ebay.com/itm/266587631895,https://i.ebayimg.com/images/g/nAEAAOSwbtJljjjP/s-l500.webp
Designer Hand Bag - Disney - Cinderella Crossbody/Shoulder Purse,79.95,https://www.ebay.com/itm/187125651110,https://i.ebayimg.com/images/g/~mUAAOSwwpJn9fGT/s-l500.webp
Luxury Designer Shoulder Bag Handbag Women Leather Chain Crossbody Bags For...,34.99,https://www.ebay.com/itm/326755761778,https://i.ebayimg.com/images/g/I5UAAeSwC8Bot0Mz/s-l500.webp
ANFUMAN Small Purses Crossbody Bags Handbag for Women Travel Designer Medium ...,27.49,https://www.ebay.com/itm/198625104316,https://i.ebayimg.com/images/g/TsQAAeSwHkNqns9F/s-l500.webp
Designer Inspired Two In One Handbag Studded Faux Leather,28.0,https://www.ebay.com/itm/172484452075,https://i.ebayimg.com/images/g/hW4AAOSw9GhYeVW1/s-l500.webp
Pink Crossbody Handbag Quilted Design Fold over Closure with Gold Chain,28.0,https://www.ebay.com/itm/366038867191,https://i.ebayimg.com/images/g/XcQAAeSwe5ZpMfQx/s-l500.webp
Crossbody Handbag Quilted Design Fold over Closure with Gold Chain,28.0,https://www.ebay.com/itm/366038876094,https://i.ebayimg.com/images/g/hMMAAeSwAo1pMfFc/s-l500.webp
"Leather Luxury Handbag Bag for Women, Designer Shoulder - Bag Fashion",29.8,https://www.ebay.com/itm/306436516645,https://i.ebayimg.com/images/g/XY8AAeSw3dVolKzQ/s-l500.webp
Basketweave Celebrity Fashion Designer Hobo Handbag Shoulder Bag Purse,29.99,https://www.ebay.com/itm/184341007495,https://i.ebayimg.com/images/g/-5cAAOSwNOxbosXl/s-l500.webp
Alyssa Elegant Designer Inspired Faux Leather Tote Shoulder Handbag,29.99,https://www.ebay.com/itm/153983372212,https://i.ebayimg.com/images/g/prUAAOSwWzVborQD/s-l500.webp
Alyssa Women's Classic Faux Leather Designer Crossbody Shoulder Handbag Purse,29.99,https://www.ebay.com/itm/392851809665,https://i.ebayimg.com/images/g/iDoAAOSwtVdbotop/s-l500.webp
Designer Inspired Handbag Faux Leather Fashion Shopper Shoulder Tote,30.0,https://www.ebay.com/itm/172484366543,https://i.ebayimg.com/images/g/pj4AAOSw5cNYd9VS/s-l500.webp
"Women’s Black Rectangle Top-Handle Handbag – Solid Design, Gold Hardware & Magne",30.0,https://www.ebay.com/itm/227529754076,https://i.ebayimg.com/images/g/3xkAAeSw4lxqrtaT/s-l500.webp
Designer Inspired Tote/Shoulder Fashion Handbag Faux Leather,32.0,https://www.ebay.com/itm/172484231260,https://i.ebayimg.com/images/g/xzAAAOSwEzxYd7pj/s-l500.webp
A New Day White Heart Design Handbag,18.5,https://www.ebay.com/itm/137650255477,https://i.ebayimg.com/images/g/Sa8AAeSwFJZqidMy/s-l500.webp
Women Transparent Shoulder Crossbody Bag 2 in 1 Designer Fashion Handbag Tote...,22.92,https://www.ebay.com/itm/186227311814,https://i.ebayimg.com/images/g/tzEAAOSwVBRljTSF/s-l500.webp
"Women Transparent Shoulder Crossbody Bag, 2 in 1 Designer Fashion Handbag Tot...",22.92,https://www.ebay.com/itm/306950159745,https://i.ebayimg.com/images/g/zOMAAeSwOhNqDWMA/s-l500.webp
Loot Lot: PlayStation 4 Games - 10 PS4 Game Lot [Brand New],67.99,https://www.ebay.com/itm/387163676673,https://i.ebayimg.com/images/g/mPIAAeSwsZdqdkL6/s-l500.webp
New! Lot of 10 Legacy Games Hidden Object True Crime PC Games 65+ Total Games,29.95,https://www.ebay.com/itm/267736126438,https://i.ebayimg.com/images/g/oQ8AAeSwLkpqYYEi/s-l500.webp
PC VIDEO GAME LOT BUNDLE 18 Sealed Action/War/Adventure All New!,39.42,https://www.ebay.com/itm/137668617734,https://i.ebayimg.com/images/g/R4UAAeSw7SlqkJW2/s-l500.webp
PC Game Lot ~ U Pick ~ NEW Factory Sealed or CIB ~ CD/DVD/Windows ~ Retail games,49.99,https://www.ebay.com/itm/376591361934,https://i.ebayimg.com/images/g/3wQAAeSwhtpo3iUp/s-l500.webp
Lot of 4 Nintendo Wii Games Rated Everyone 10+ ( NEW SEALED),13.99,https://www.ebay.com/itm/137594072790,https://i.ebayimg.com/images/g/xX0AAeSwk-9qdP6H/s-l500.webp
6 LOT NEW Ultimate Brain games for the Gameboy Advance console,49.95,https://www.ebay.com/itm/385449482406,https://i.ebayimg.com/images/g/9gQAAOSwKZBhONxG/s-l500.webp
WHOLESALE LOT 12 NEW POLARIUM GAMES FOR NINTENDO DS REGION FREE PAL/NTSC #29M,59.95,https://www.ebay.com/itm/135489191189,https://i.ebayimg.com/images/g/-vEAAOSw4Q9nfuA9/s-l500.webp
Xbox One 3 Games Lot . Brand New,59.99,https://www.ebay.com/itm/324423188609,https://i.ebayimg.com/images/g/KpgAAOSwe~lcU0OH/s-l500.webp
Rubout Game 4 And 7 Lot,25.0,https://www.ebay.com/itm/127894524677,https://i.ebayimg.com/images/g/zvkAAeSwdCZqG5FE/s-l500.webp
Sports Silicone Band Strap Bracelet For Garmin Vivofit JR 2 Tracker,6.23,https://www.ebay.com/itm/318812677851,https://i.ebayimg.com/images/g/npoAAeSw2rZql5Vz/s-l500.webp
Sports Silicone Band Strap For Garmin Vivofit JR 2 Tracker,7.15,https://www.ebay.com/itm/175813990125,https://i.ebayimg.com/images/g/nk4AAOSwM1Fkrngn/s-l500.webp
Silicone Band Strap Replacement Fit For Garmin Vivofit JR 2 Tracker Sports,7.15,https://www.ebay.com/itm/178467424613,https://i.ebayimg.com/images/g/r-0AAeSwWOBqmtEp/s-l500.webp
For Garmin Vivofit JR 2 Tracker Sports Replacement Silicone Band Strap Bracelet,10.51,https://www.ebay.com/itm/406826236200,https://i.ebayimg.com/images/g/pQcAAeSwwaxpz9VN/s-l500.webp
Garmin Vivofit Jr. 3 Blue Stars Kids Fitness Activity Tracker Smartwatch Ages 4+,80.0,https://www.ebay.com/itm/188564806150,https://i.ebayimg.com/images/g/SZUAAeSweFNqPrqV/s-l500.webp
GARMIN VIVOFIT JR 3 KIDS FITNESS TRACKER WATCH BLUETOOTH PEACH LEOPARD BRAND NEW,52.95,https://www.ebay.com/itm/278365327445,https://i.ebayimg.com/images/g/QaEAAeSwrBNqZsX7/s-l500.webp
Garmin Vivofit Jr. 3 Kids Fitness+Activity+Sleep Tracker Swim-Proof Lilac Purple,69.88,https://www.ebay.com/itm/286895721484,https://i.ebayimg.com/images/g/-IIAAeSwv0lo7~~n/s-l500.webp
Garmin vivofit jr. 3 Kids Fitness Tracker Peach Leopard,60.32,https://www.ebay.com/itm/128039764424,https://i.ebayimg.com/images/g/E~IAAeSwxhdqYWAY/s-l500.webp
Sports Replacement Silicone Band Strap Bracelet for Garmin Vivofit JR 2 Tracker,11.49,https://www.ebay.com/itm/193475216412,https://i.ebayimg.com/images/g/2IsAAOSwpWJexhuw/s-l500.webp
For Garmin Vivofit JR 2 Tracker Sports Silicone Band Strap,12.75,https://www.ebay.com/itm/236057923556,https://i.ebayimg.com/images/g/vUEAAOSwestoALxR/s-l500.webp
Silicone Band Strap Replacement Fit For Garmin Vivofit JR 2 Tracker Sports,10.64,https://www.ebay.com/itm/820156627695,https://i.ebayimg.com/images/g/OGUAAeSw0Bhqsedh/s-l500.webp
Garmin Vivofit Fitness Bands Activity Tracker 2 Purple & Black Wristbands READ,10.0,https://www.ebay.com/itm/298384768918,https://i.ebayimg.com/images/g/jsoAAeSws55qIaDv/s-l500.webp
For Garmin Vivofit JR 2 Tracker Replacement Silicone Wrist Band Strap Bracelet,15.88,https://www.ebay.com/itm/305731523284,https://i.ebayimg.com/images/g/4cMAAOSweiVmvwh4/s-l500.webp
For Garmin Vivofit JR 2 Tracker Sports Replacement Silicone Band Strap Bracelet,10.15,https://www.ebay.com/itm/355851943866,https://i.ebayimg.com/images/g/C~gAAOSwPhJmi5mn/s-l500.webp
For Garmin Vivofit JR 2 Tracker Replacement Silicone Wrist Band Strap Bracelet,13.81,https://www.ebay.com/itm/405372326450,https://i.ebayimg.com/images/g/43QAAOSwwDFnP93e/s-l500.webp
2 Fitness Armband Runme Smart Armband Activity Tracker.Fitbit/Garmin Style.,12.99,https://www.ebay.com/itm/127785542664,https://i.ebayimg.com/images/g/UWsAAeSwSqppxwjW/s-l500.webp
Silicone Band Strap Replacement Fit For Garmin Vivofit JR 2 Tracker Sports,20.88,https://www.ebay.com/itm/384804199776,https://i.ebayimg.com/images/g/1MYAAOSwuyNiQnNS/s-l500.webp
Silicone Wristband Strap Bracelet for Garmin Vivofit 2/1 Smart Watch Tracker New,19.58,https://www.ebay.com/itm/307202726547,https://i.ebayimg.com/images/g/pLkAAeSwX0NqudIV/s-l500.webp
Silicone Wrist Band Strap Bracelet for Garmin Vivofit JR 2 Tracker Accessories,14.49,https://www.ebay.com/itm/194060920069,https://i.ebayimg.com/images/g/AEQAAOSwEgxgg4H5/s-l500.webp
Silicone Wristband Strap Bracelet for Garmin Vivofit 2/1 Smart Watch Tracker New,18.81,https://www.ebay.com/itm/397162547059,https://i.ebayimg.com/images/g/pqsAAeSwShxo8KDX/s-l500.webp
Silicone Wristband Strap Bracelet for Garmin Vivofit 2/1 Smart Watch Tracker New,20.61,https://www.ebay.com/itm/398255023128,https://i.ebayimg.com/images/g/~gMAAeSwn2Jqc~Ia/s-l500.webp
Silicone Wrist band Strap Bracelet for Garmin Vivofit Smart Watch Tracker Part,17.35,https://www.ebay.com/itm/397924860488,https://i.ebayimg.com/images/g/01IAAeSwFbNp~YDD/s-l500.webp
"Garmin vívofit Activity Tracker Fitness Band, Sleep Monitor, Steps, Blue",32.5,https://www.ebay.com/itm/168714810014,https://i.ebayimg.com/images/g/c~UAAeSw3alqs-vv/s-l500.webp
Garmin Vivofit Jr 3 Kids Fitness Tracker Watch Bluetooth Peach Leopard BRAND NEW,39.99,https://www.ebay.com/itm/137679329413,https://i.ebayimg.com/images/g/xWoAAeSwi55qlHJq/s-l500.webp
Garmin VivoFit JR.2 - Kids Disney Minnie Mouse Fitness/Activity Tracker NEW,35.0,https://www.ebay.com/itm/116985672109,https://i.ebayimg.com/images/g/VJsAAeSw93dpaYMi/s-l500.webp
Garmin Vivofit Jr 3 Kids Fitness Tracker Watch Bluetooth Peach Leopard BRAND NEW,42.0,https://www.ebay.com/itm/307163923018,https://i.ebayimg.com/images/g/lLgAAeSwhYZqmwzV/s-l500.webp
Garmin VÍVOFIT JR 3. Kids Fitness Tracker Peach Leopard Activity Tracker,44.95,https://www.ebay.com/itm/287550931458,https://i.ebayimg.com/images/g/2jYAAeSwzMRqkZTj/s-l500.webp
Garmin Vivofit Jr. 3 Kids Fitness Activity Sleep Tracker Swim-Proof Lilac Purple,44.95,https://www.ebay.com/itm/178473689799,https://i.ebayimg.com/images/g/QFIAAeSwE~FqnZ3r/s-l500.webp
Garmin Vivofit Jr. 3 Kids Fitness Activity Sleep Tracker Swim-Proof Lilac Purple,45.0,https://www.ebay.com/itm/147473015240,https://i.ebayimg.com/images/g/SqwAAeSwfE5qbBIW/s-l500.webp
Garmin vívofit Jr. 3 Kids Fitness Tracker Lilac Floral Activity Watch New,45.99,https://www.ebay.com/itm/168548482330,https://i.ebayimg.com/images/g/mMUAAeSwa3tqXX-w/s-l500.webp
Kids Fitness Tracker By Garmin VivO Fit Junior 3 Lilac Color,39.99,https://www.ebay.com/itm/198518467067,https://i.ebayimg.com/images/g/wFsAAeSwT55qYgkK/s-l500.webp
Garmin Vivofit Jr. 3 Kids Fitness Tracker Swim-Proof Lilac Purple New!,46.99,https://www.ebay.com/itm/178393583524,https://i.ebayimg.com/images/g/1UIAAeSwDRtqefZQ/s-l500.webp
GARMIN VIVOFIT JR. 3 KIDS FITNESS TRACKER LILAC FLORAL BRAND NEW FACTORY SEALED,43.5,https://www.ebay.com/itm/358836669944,https://i.ebayimg.com/images/g/zMAAAeSwzZZqYtAi/s-l500.webp
Garmin Vivofit Jr 3 Kids Fitness Tracker Watch Bluetooth Peach Leopard (New)🔥✅,49.97,https://www.ebay.com/itm/398379409872,https://i.ebayimg.com/images/g/gZIAAeSwPEtqohrk/s-l500.webp
Garmin vívofit Jr. 3 Kids Fitness Activity Tracker Peach Leopard Swim Friendly!!,49.99,https://www.ebay.com/itm/178536838208,https://i.ebayimg.com/images/g/T9AAAeSwvzNqurJb/s-l500.webp
Garmin vivofit jr. 3 Kids Fitness Activity Tracker - Peach Leopard NEW UNOPENED,46.99,https://www.ebay.com/itm/137542255723,https://i.ebayimg.com/images/g/tU0AAeSwsehqYa4c/s-l500.webp
Garmin Vivofit Jr. 3 Kids Fitness+Activity+Sleep Tracker Swim-Proof Lilac Purple,49.99,https://www.ebay.com/itm/158126154469,https://i.ebayimg.com/images/g/HeEAAeSwWEBqaAG8/s-l500.webp
GARMIN VIVOFIT JR. 3 KIDS FITNESS TRACKER LILAC FLORAL BRAND NEW FACTORY SEALED,50.95,https://www.ebay.com/itm/278396340128,https://i.ebayimg.com/images/g/2Z8AAeSw1stqZsYU/s-l500.webp
Garmin vivofit jr 3 Kids Fitness Tracker Smartwatch Peach Leopard New.,44.99,https://www.ebay.com/itm/800623741004,https://i.ebayimg.com/images/g/aPkAAeSwaM5qnhav/s-l500.webp
Garmin vivofit jr. 3 Kids Fitness Tracker Peach Leopard,45.99,https://www.ebay.com/itm/800119379346,https://i.ebayimg.com/images/g/9asAAeSw7VxqIMJa/s-l500.webp
Garmin vivofit jr. 3 Kids Fitness Activity Tracker - Peach Leopard NEW UNOPENED,45.99,https://www.ebay.com/itm/198516899516,https://i.ebayimg.com/images/g/-2UAAeSwo9lqYTQb/s-l500.webp
garmin vivofit jr 3 Kids Fitness Tracker,42.99,https://www.ebay.com/itm/318668546216,https://i.ebayimg.com/images/g/l3sAAeSwn2Jqb3vK/s-l500.webp
New Garmin Vivofit Jr. 3 Kids Fitness Tracker Peach Leopard,52.99,https://www.ebay.com/itm/800650376384,https://i.ebayimg.com/images/g/XX0AAeSwf55qpVJD/s-l500.webp
Garmin Vivofit Jr 3 Kids Fitness Tracker Watch Bluetooth Peach Leopard Open Box,42.99,https://www.ebay.com/itm/158306794302,https://i.ebayimg.com/images/g/RzoAAeSwMaJqrZFJ/s-l500.webp
GARMIN VIVOFIT JR 3 KIDS FITNESS TRACKER WATCH BLUETOOTH PEACH LEOPARD BRAND NEW,47.99,https://www.ebay.com/itm/358836662500,https://i.ebayimg.com/images/g/wz4AAeSwzIxqYs96/s-l500.webp
"Garmin vivofit jr. 3, Fitness Tracker for Kids, Includes Interactive App...New",44.95,https://www.ebay.com/itm/257716935283,https://i.ebayimg.com/images/g/7OcAAeSwuxVqlzap/s-l500.webp
Garmin vivofit JR Activity Tracker - Real Flower,48.1,https://www.ebay.com/itm/136829981100,https://i.ebayimg.com/images/g/sa8AAeSw5-ZpNv2m/s-l500.webp
Garmin Vivofit Jr. 3 Kids Fitness Tracker Watch Lilac Floral Sleep Swim Parent,54.61,https://www.ebay.com/itm/336710186381,https://i.ebayimg.com/images/g/wbMAAeSw8fBqZtux/s-l500.webp
GARMIN VIVOFIT JR 3 KIDS FITNESS ACTIVITY TRACKER INTERACTIVE BLACK COSMIC NEW,54.9,https://www.ebay.com/itm/117372341146,https://i.ebayimg.com/images/g/AGwAAeSwgW9qiRU0/s-l500.webp
Garmin Vivofit Jr 3 Kids Fitness Tracker Watch Bluetooth Peach Leopard BRAND NEW,54.95,https://www.ebay.com/itm/127975009575,https://i.ebayimg.com/images/g/V80AAeSwYG9qVskm/s-l500.webp
Garmin Vivofit Jr 3 Kids Fitness Tracker Watch Bluetooth Peach Leopard Brand New,54.95,https://www.ebay.com/itm/287469170323,https://i.ebayimg.com/images/g/wKoAAeSwgCRqWu9-/s-l500.webp
Garmin Vivofit Jr 3 Kids Fitness Tracker Watch Bluetooth Peach Leopard Brand New,54.95,https://www.ebay.com/itm/137529812890,https://i.ebayimg.com/images/g/TKIAAeSwRQxqXR6F/s-l500.webp
Garmin Vivofit Jr. 3 Kids Fitness Tracker Lilac Floral - Brand New In Box,54.95,https://www.ebay.com/itm/287479024913,https://i.ebayimg.com/images/g/FzEAAeSw6FJqYY~L/s-l500.webp
Garmin Vivofit Jr 3 Kids Fitness Tracker Watch Bluetooth Peach Leopard BRAND NEW,54.95,https://www.ebay.com/itm/318862045211,https://i.ebayimg.com/images/g/yzwAAeSwxUxqUVRC/s-l500.webp
BRAND NEW Garmin VÍVOFIT JR 3 Kids Fitnes Tracker Peach Leopard Activity Tracker,54.98,https://www.ebay.com/itm/178348939953,https://i.ebayimg.com/images/g/WkwAAeSw2AdqZ6UP/s-l500.webp
Garmin Vivofit Jr. 3 Kids Fitness Tracker - Black Cosmic,55.0,https://www.ebay.com/itm/307140985712,https://i.ebayimg.com/images/g/qx4AAeSwNhhqieIR/s-l500.webp
Garmin vivofit jr. 3 Kids Fitness Tracker Peach Leopard,45.0,https://www.ebay.com/itm/800354282591,https://i.ebayimg.com/images/g/-dsAAeSwaTJqWTUs/s-l500.webp
Garmin Vivofit Jr 3 Kids Fitness Tracker Peach Leopard New Activity Band,55.0,https://www.ebay.com/itm/377377710589,https://i.ebayimg.com/images/g/oDkAAeSwXRFqaWxh/s-l500.webp
"🔥BRAND NEW Garmin Vivofit JR. 3 Kids Fitness Tracker, Lilac Floral-Christmas",55.0,https://www.ebay.com/itm/158068777955,https://i.ebayimg.com/images/g/~b8AAeSwkvxqTytD/s-l500.webp
Garmin vivofit jr. 3 Kids Activity Tracker Swimproof Sleep/Steps Peach Leopard,55.0,https://www.ebay.com/itm/366623043292,https://i.ebayimg.com/images/g/sL4AAeSwM2lqikw5/s-l500.webp
new Garmin Vivofit JR. 3 Kids Fitness Tracker Lilac Floral bluetooth kid track,49.99,https://www.ebay.com/itm/287512092439,https://i.ebayimg.com/images/g/TP0AAeSw3T9qdrQ5/s-l500.webp
Garmin vivofit jr. 3 Marvel Black Widow Kids Fitness Tracker Watch Black Band,50.0,https://www.ebay.com/itm/227307112200,https://i.ebayimg.com/images/g/Ub8AAeSwAV9p5D2A/s-l500.webp
Garmin Vivofit Jr 3 Kids Fitness Tracker Watch Bluetooth Peach Leopard BRAND NEW,49.99,https://www.ebay.com/itm/278293112681,https://i.ebayimg.com/images/g/DLYAAeSw0zlqg4VX/s-l500.webp
Garmin vívofit Jr. 3 Kids Fitness Activity Tracker Peach Leopard Swim Friendly,45.49,https://www.ebay.com/itm/206592746093,https://i.ebayimg.com/images/g/L48AAeSwpG5qvRRC/s-l500.webp
